<?xml version="1.0" encoding="UTF-8" ?>
<!DOCTYPE log4j:configuration SYSTEM "log4j.dtd">

<log4j:configuration xmlns:log4j="http://jakarta.apache.org/log4j/">
    <appender name="console" class="org.apache.log4j.ConsoleAppender">
        <layout class="org.apache.log4j.PatternLayout">
            <param name="ConversionPattern" value="%d{yy-MM-dd HH:mm:ss} %p %c - %m%n" />
        </layout>
    </appender>
    <category name="org.hibernate">
        <priority value="ERROR" />
    </category>
    <root>
        <priority value="INFO" />
        <appender-ref ref="console" />
    </root>
</log4j:configuration>